OrderID,ProductID,ProductName,UnitPrice,Quantity,Discount,ExtendedPrice
10248,11,Queso Cabrales,14.00,12,0,168.00
10248,42,Singaporean Hokkien Fried Mee,9.80,10,0,98.00
10248,72,Mozzarella di Giovanni,34.80,5,0,174.00
10249,14,Tofu,18.60,9,0,167.40
10249,51,Manjimup Dried Apples,42.40,40,0,1696.00
10250,41,Jack's New England Clam Chowder,7.70,10,0,77.00
10250,51,Manjimup Dried Apples,42.40,35,0.15,1261.40
10250,65,Louisiana Fiery Hot Pepper Sauce,16.80,15,0.15,214.20
10251,22,Gustaf's Kn?kebr?,16.80,6,0.05,95.76
10251,57,Ravioli Angelo,15.60,15,0.05,222.30
10251,65,Louisiana Fiery Hot Pepper Sauce,16.80,20,0,336.00
10252,20,Sir Rodney's Marmalade,64.80,40,0.05,2462.40
10252,33,Geitost,2.00,25,0.05,47.50
10252,60,Camembert Pierrot,27.20,40,0,1088.00
10253,31,Gorgonzola Telino,10.00,20,0,200.00
10253,39,Chartreuse verte,14.40,42,0,604.80
10253,49,Maxilaku,16.00,40,0,640.00
10254,24,Guaran?Fant?tica,3.60,15,0.15,45.90
10254,55,P??chinois,19.20,21,0.15,342.72
10254,74,Longlife Tofu,8.00,21,0,168.00
10255,2,Chang,15.20,20,0,304.00
10255,16,Pavlova,13.90,35,0,486.50
10255,36,Inlagd Sill,15.20,25,0,380.00
10255,59,Raclette Courdavault,44.00,30,0,1320.00
10256,53,Perth Pasties,26.20,15,0,393.00
10256,77,Original Frankfurter gr?e So?,10.40,12,0,124.80
10257,27,Schoggi Schokolade,35.10,25,0,877.50
10257,39,Chartreuse verte,14.40,6,0,86.40
10257,77,Original Frankfurter gr?e So?,10.40,15,0,156.00
10258,2,Chang,15.20,50,0.2,608.00
10258,5,Chef Anton's Gumbo Mix,17.00,65,0.2,884.00
10258,32,Mascarpone Fabioli,25.60,6,0.2,122.88
10259,21,Sir Rodney's Scones,8.00,10,0,80.00
10259,37,Gravad lax,20.80,1,0,20.80
10260,41,Jack's New England Clam Chowder,7.70,16,0.25,92.40
10260,57,Ravioli Angelo,15.60,50,0,780.00
10260,62,Tarte au sucre,39.40,15,0.25,443.25
10260,70,Outback Lager,12.00,21,0.25,189.00
10261,21,Sir Rodney's Scones,8.00,20,0,160.00
10261,35,Steeleye Stout,14.40,20,0,288.00
10262,5,Chef Anton's Gumbo Mix,17.00,12,0.2,163.20
10262,7,Uncle Bob's Organic Dried Pears,24.00,15,0,360.00
10262,56,Gnocchi di nonna Alice,30.40,2,0,60.80
10263,16,Pavlova,13.90,60,0.25,625.50
10263,24,Guaran?Fant?tica,3.60,28,0,100.80
10263,30,Nord-Ost Matjeshering,20.70,60,0.25,931.50
10263,74,Longlife Tofu,8.00,36,0.25,216.00
10264,2,Chang,15.20,35,0,532.00
10264,41,Jack's New England Clam Chowder,7.70,25,0.15,163.63
10265,17,Alice Mutton,31.20,30,0,936.00
10265,70,Outback Lager,12.00,20,0,240.00
10266,12,Queso Manchego La Pastora,30.40,12,0.05,346.56
10267,40,Boston Crab Meat,14.70,50,0,735.00
10267,59,Raclette Courdavault,44.00,70,0.15,2618.00
10267,76,Lakkalik?ri,14.40,15,0.15,183.60
10268,29,Th?inger Rostbratwurst,99.00,10,0,990.00
10268,72,Mozzarella di Giovanni,27.80,4,0,111.20
10269,33,Geitost,2.00,60,0.05,114.00
10269,72,Mozzarella di Giovanni,27.80,20,0.05,528.20
10270,36,Inlagd Sill,15.20,30,0,456.00
10270,43,Ipoh Coffee,36.80,25,0,920.00
10271,33,Geitost,2.00,24,0,48.00
10272,20,Sir Rodney's Marmalade,64.80,6,0,388.80
10272,31,Gorgonzola Telino,10.00,40,0,400.00
10272,72,Mozzarella di Giovanni,27.80,24,0,667.20
10273,10,Ikura,24.80,24,0.05,565.44
10273,31,Gorgonzola Telino,10.00,15,0.05,142.50
10273,33,Geitost,2.00,20,0,40.00
10273,40,Boston Crab Meat,14.70,60,0.05,837.90
10273,76,Lakkalik?ri,14.40,33,0.05,451.44
10274,71,Flotemysost,17.20,20,0,344.00
10274,72,Mozzarella di Giovanni,27.80,7,0,194.60
10275,24,Guaran?Fant?tica,3.60,12,0.05,41.04
10275,59,Raclette Courdavault,44.00,6,0.05,250.80
10276,10,Ikura,24.80,15,0,372.00
10276,13,Konbu,4.80,10,0,48.00
10277,28,R?sle Sauerkraut,36.40,20,0,728.00
10277,62,Tarte au sucre,39.40,12,0,472.80
10278,44,Gula Malacca,15.50,16,0,248.00
10278,59,Raclette Courdavault,44.00,15,0,660.00
10278,63,Vegie-spread,35.10,8,0,280.80
10278,73,R? Kaviar,12.00,25,0,300.00
10279,17,Alice Mutton,31.20,15,0.25,351.00
10280,24,Guaran?Fant?tica,3.60,12,0,43.20
10280,55,P??chinois,19.20,20,0,384.00
10280,75,Rh?br? Klosterbier,6.20,30,0,186.00
10281,19,Teatime Chocolate Biscuits,7.30,1,0,7.30
10281,24,Guaran?Fant?tica,3.60,6,0,21.60
10281,35,Steeleye Stout,14.40,4,0,57.60
10282,30,Nord-Ost Matjeshering,20.70,6,0,124.20
10282,57,Ravioli Angelo,15.60,2,0,31.20
10283,15,Genen Shouyu,12.40,20,0,248.00
10283,19,Teatime Chocolate Biscuits,7.30,18,0,131.40
10283,60,Camembert Pierrot,27.20,35,0,952.00
10283,72,Mozzarella di Giovanni,27.80,3,0,83.40
10284,27,Schoggi Schokolade,35.10,15,0.25,394.88
10284,44,Gula Malacca,15.50,21,0,325.50
10284,60,Camembert Pierrot,27.20,20,0.25,408.00
10284,67,Laughing Lumberjack Lager,11.20,5,0.25,42.00
10285,1,Chai,14.40,45,0.2,518.40
10285,40,Boston Crab Meat,14.70,40,0.2,470.40
10285,53,Perth Pasties,26.20,36,0.2,754.56
10286,35,Steeleye Stout,14.40,100,0,1440.00
10286,62,Tarte au sucre,39.40,40,0,1576.00
10287,16,Pavlova,13.90,40,0.15,472.60
10287,34,Sasquatch Ale,11.20,20,0,224.00
10287,46,Spegesild,9.60,15,0.15,122.40
10288,54,Tourti?e,5.90,10,0.1,53.10
10288,68,Scottish Longbreads,10.00,3,0.1,27.00
10289,3,Aniseed Syrup,8.00,30,0,240.00
10289,64,Wimmers gute Semmelkn?el,26.60,9,0,239.40
10290,5,Chef Anton's Gumbo Mix,17.00,20,0,340.00
10290,29,Th?inger Rostbratwurst,99.00,15,0,1485.00
10290,49,Maxilaku,16.00,15,0,240.00
10290,77,Original Frankfurter gr?e So?,10.40,10,0,104.00
10291,13,Konbu,4.80,20,0.1,86.40
10291,44,Gula Malacca,15.50,24,0.1,334.80
10291,51,Manjimup Dried Apples,42.40,2,0.1,76.32
10292,20,Sir Rodney's Marmalade,64.80,20,0,1296.00
10293,18,Carnarvon Tigers,50.00,12,0,600.00
10293,24,Guaran?Fant?tica,3.60,10,0,36.00
10293,63,Vegie-spread,35.10,5,0,175.50
10293,75,Rh?br? Klosterbier,6.20,6,0,37.20
10294,1,Chai,14.40,18,0,259.20
10294,17,Alice Mutton,31.20,15,0,468.00
10294,43,Ipoh Coffee,36.80,15,0,552.00
10294,60,Camembert Pierrot,27.20,21,0,571.20
10294,75,Rh?br? Klosterbier,6.20,6,0,37.20
10295,56,Gnocchi di nonna Alice,30.40,4,0,121.60
10296,11,Queso Cabrales,16.80,12,0,201.60
10296,16,Pavlova,13.90,30,0,417.00
10296,69,Gudbrandsdalsost,28.80,15,0,432.00
10297,39,Chartreuse verte,14.40,60,0,864.00
10297,72,Mozzarella di Giovanni,27.80,20,0,556.00
10298,2,Chang,15.20,40,0,608.00
10298,36,Inlagd Sill,15.20,40,0.25,456.00
10298,59,Raclette Courdavault,44.00,30,0.25,990.00
10298,62,Tarte au sucre,39.40,15,0,591.00
10299,19,Teatime Chocolate Biscuits,7.30,15,0,109.50
10299,70,Outback Lager,12.00,20,0,240.00
10300,66,Louisiana Hot Spiced Okra,13.60,30,0,408.00
10300,68,Scottish Longbreads,10.00,20,0,200.00
10301,40,Boston Crab Meat,14.70,10,0,147.00
10301,56,Gnocchi di nonna Alice,30.40,20,0,608.00
10302,17,Alice Mutton,31.20,40,0,1248.00
10302,28,R?sle Sauerkraut,36.40,28,0,1019.20
10302,43,Ipoh Coffee,36.80,12,0,441.60
10303,40,Boston Crab Meat,14.70,40,0.1,529.20
10303,65,Louisiana Fiery Hot Pepper Sauce,16.80,30,0.1,453.60
10303,68,Scottish Longbreads,10.00,15,0.1,135.00
10304,49,Maxilaku,16.00,30,0,480.00
10304,59,Raclette Courdavault,44.00,10,0,440.00
10304,71,Flotemysost,17.20,2,0,34.40
10305,18,Carnarvon Tigers,50.00,25,0.1,1125.00
10305,29,Th?inger Rostbratwurst,99.00,25,0.1,2227.50
10305,39,Chartreuse verte,14.40,30,0.1,388.80
10306,30,Nord-Ost Matjeshering,20.70,10,0,207.00
10306,53,Perth Pasties,26.20,10,0,262.00
10306,54,Tourti?e,5.90,5,0,29.50
10307,62,Tarte au sucre,39.40,10,0,394.00
10307,68,Scottish Longbreads,10.00,3,0,30.00
10308,69,Gudbrandsdalsost,28.80,1,0,28.80
10308,70,Outback Lager,12.00,5,0,60.00
10309,4,Chef Anton's Cajun Seasoning,17.60,20,0,352.00
10309,6,Grandma's Boysenberry Spread,20.00,30,0,600.00
10309,42,Singaporean Hokkien Fried Mee,11.20,2,0,22.40
10309,43,Ipoh Coffee,36.80,20,0,736.00
10309,71,Flotemysost,17.20,3,0,51.60
10310,16,Pavlova,13.90,10,0,139.00
10310,62,Tarte au sucre,39.40,5,0,197.00
10311,42,Singaporean Hokkien Fried Mee,11.20,6,0,67.20
10311,69,Gudbrandsdalsost,28.80,7,0,201.60
10312,28,R?sle Sauerkraut,36.40,4,0,145.60
10312,43,Ipoh Coffee,36.80,24,0,883.20
10312,53,Perth Pasties,26.20,20,0,524.00
10312,75,Rh?br? Klosterbier,6.20,10,0,62.00
10313,36,Inlagd Sill,15.20,12,0,182.40
10314,32,Mascarpone Fabioli,25.60,40,0.1,921.60
10314,58,Escargots de Bourgogne,10.60,30,0.1,286.20
10314,62,Tarte au sucre,39.40,25,0.1,886.50
10315,34,Sasquatch Ale,11.20,14,0,156.80
10315,70,Outback Lager,12.00,30,0,360.00
10316,41,Jack's New England Clam Chowder,7.70,10,0,77.00
10316,62,Tarte au sucre,39.40,70,0,2758.00
10317,1,Chai,14.40,20,0,288.00
10318,41,Jack's New England Clam Chowder,7.70,20,0,154.00
10318,76,Lakkalik?ri,14.40,6,0,86.40
10319,17,Alice Mutton,31.20,8,0,249.60
10319,28,R?sle Sauerkraut,36.40,14,0,509.60
10319,76,Lakkalik?ri,14.40,30,0,432.00
10320,71,Flotemysost,17.20,30,0,516.00
10321,35,Steeleye Stout,14.40,10,0,144.00
10322,52,Filo Mix,5.60,20,0,112.00
10323,15,Genen Shouyu,12.40,5,0,62.00
10323,25,NuNuCa Nu?Nougat-Creme,11.20,4,0,44.80
10323,39,Chartreuse verte,14.40,4,0,57.60
10324,16,Pavlova,13.90,21,0.15,248.12
10324,35,Steeleye Stout,14.40,70,0.15,856.80
10324,46,Spegesild,9.60,30,0,288.00
10324,59,Raclette Courdavault,44.00,40,0.15,1496.00
10324,63,Vegie-spread,35.10,80,0.15,2386.80
10325,6,Grandma's Boysenberry Spread,20.00,6,0,120.00
10325,13,Konbu,4.80,12,0,57.60
10325,14,Tofu,18.60,9,0,167.40
10325,31,Gorgonzola Telino,10.00,4,0,40.00
10325,72,Mozzarella di Giovanni,27.80,40,0,1112.00
10326,4,Chef Anton's Cajun Seasoning,17.60,24,0,422.40
10326,57,Ravioli Angelo,15.60,16,0,249.60
10326,75,Rh?br? Klosterbier,6.20,50,0,310.00
10327,2,Chang,15.20,25,0.2,304.00
10327,11,Queso Cabrales,16.80,50,0.2,672.00
10327,30,Nord-Ost Matjeshering,20.70,35,0.2,579.60
10327,58,Escargots de Bourgogne,10.60,30,0.2,254.40
10328,59,Raclette Courdavault,44.00,9,0,396.00
10328,65,Louisiana Fiery Hot Pepper Sauce,16.80,40,0,672.00
10328,68,Scottish Longbreads,10.00,10,0,100.00
10329,19,Teatime Chocolate Biscuits,7.30,10,0.05,69.35
10329,30,Nord-Ost Matjeshering,20.70,8,0.05,157.32
10329,38,C?e de Blaye,210.80,20,0.05,4005.20
10329,56,Gnocchi di nonna Alice,30.40,12,0.05,346.56
10330,26,Gumb? Gummib?chen,24.90,50,0.15,1058.25
10330,72,Mozzarella di Giovanni,27.80,25,0.15,590.75
10331,54,Tourti?e,5.90,15,0,88.50
10332,18,Carnarvon Tigers,50.00,40,0.2,1600.00
10332,42,Singaporean Hokkien Fried Mee,11.20,10,0.2,89.60
10332,47,Zaanse koeken,7.60,16,0.2,97.28
10333,14,Tofu,18.60,10,0,186.00
10333,21,Sir Rodney's Scones,8.00,10,0.1,72.00
10333,71,Flotemysost,17.20,40,0.1,619.20
10334,52,Filo Mix,5.60,8,0,44.80
10334,68,Scottish Longbreads,10.00,10,0,100.00
10335,2,Chang,15.20,7,0.2,85.12
10335,31,Gorgonzola Telino,10.00,25,0.2,200.00
10335,32,Mascarpone Fabioli,25.60,6,0.2,122.88
10335,51,Manjimup Dried Apples,42.40,48,0.2,1628.16
10336,4,Chef Anton's Cajun Seasoning,17.60,18,0.1,285.12
10337,23,Tunnbr?,7.20,40,0,288.00
10337,26,Gumb? Gummib?chen,24.90,24,0,597.60
10337,36,Inlagd Sill,15.20,20,0,304.00
10337,37,Gravad lax,20.80,28,0,582.40
10337,72,Mozzarella di Giovanni,27.80,25,0,695.00
10338,17,Alice Mutton,31.20,20,0,624.00
10338,30,Nord-Ost Matjeshering,20.70,15,0,310.50
10339,4,Chef Anton's Cajun Seasoning,17.60,10,0,176.00
10339,17,Alice Mutton,31.20,70,0.05,2074.80
10339,62,Tarte au sucre,39.40,28,0,1103.20
10340,18,Carnarvon Tigers,50.00,20,0.05,950.00
10340,41,Jack's New England Clam Chowder,7.70,12,0.05,87.78
10340,43,Ipoh Coffee,36.80,40,0.05,1398.40
10341,33,Geitost,2.00,8,0,16.00
10341,59,Raclette Courdavault,44.00,9,0.15,336.60
10342,2,Chang,15.20,24,0.2,291.84
10342,31,Gorgonzola Telino,10.00,56,0.2,448.00
10342,36,Inlagd Sill,15.20,40,0.2,486.40
10342,55,P??chinois,19.20,40,0.2,614.40
10343,64,Wimmers gute Semmelkn?el,26.60,50,0,1330.00
10343,68,Scottish Longbreads,10.00,4,0.05,38.00
10343,76,Lakkalik?ri,14.40,15,0,216.00
10344,4,Chef Anton's Cajun Seasoning,17.60,35,0,616.00
10344,8,Northwoods Cranberry Sauce,32.00,70,0.25,1680.00
10345,8,Northwoods Cranberry Sauce,32.00,70,0,2240.00
10345,19,Teatime Chocolate Biscuits,7.30,80,0,584.00
10345,42,Singaporean Hokkien Fried Mee,11.20,9,0,100.80
10346,17,Alice Mutton,31.20,36,0.1,1010.88
10346,56,Gnocchi di nonna Alice,30.40,20,0,608.00
10347,25,NuNuCa Nu?Nougat-Creme,11.20,10,0,112.00
10347,39,Chartreuse verte,14.40,50,0.15,612.00
10347,40,Boston Crab Meat,14.70,4,0,58.80
10347,75,Rh?br? Klosterbier,6.20,6,0.15,31.62
10348,1,Chai,14.40,15,0.15,183.60
10348,23,Tunnbr?,7.20,25,0,180.00
10349,54,Tourti?e,5.90,24,0,141.60
10350,50,Valkoinen suklaa,13.00,15,0.1,175.50
10350,69,Gudbrandsdalsost,28.80,18,0.1,466.56
10351,38,C?e de Blaye,210.80,20,0.05,4005.20
10351,41,Jack's New England Clam Chowder,7.70,13,0,100.10
10351,44,Gula Malacca,15.50,77,0.05,1133.82
10351,65,Louisiana Fiery Hot Pepper Sauce,16.80,10,0.05,159.60
10352,24,Guaran?Fant?tica,3.60,10,0,36.00
10352,54,Tourti?e,5.90,20,0.15,100.30
10353,11,Queso Cabrales,16.80,12,0.2,161.28
10353,38,C?e de Blaye,210.80,50,0.2,8432.00
10354,1,Chai,14.40,12,0,172.80
10354,29,Th?inger Rostbratwurst,99.00,4,0,396.00
10355,24,Guaran?Fant?tica,3.60,25,0,90.00
10355,57,Ravioli Angelo,15.60,25,0,390.00
10356,31,Gorgonzola Telino,10.00,30,0,300.00
10356,55,P??chinois,19.20,12,0,230.40
10356,69,Gudbrandsdalsost,28.80,20,0,576.00
10357,10,Ikura,24.80,30,0.2,595.20
10357,26,Gumb? Gummib?chen,24.90,16,0,398.40
10357,60,Camembert Pierrot,27.20,8,0.2,174.08
10358,24,Guaran?Fant?tica,3.60,10,0.05,34.20
10358,34,Sasquatch Ale,11.20,10,0.05,106.40
10358,36,Inlagd Sill,15.20,20,0.05,288.80
10359,16,Pavlova,13.90,56,0.05,739.48
10359,31,Gorgonzola Telino,10.00,70,0.05,665.00
10359,60,Camembert Pierrot,27.20,80,0.05,2067.20
10360,28,R?sle Sauerkraut,36.40,30,0,1092.00
10360,29,Th?inger Rostbratwurst,99.00,35,0,3465.00
10360,38,C?e de Blaye,210.80,10,0,2108.00
10360,49,Maxilaku,16.00,35,0,560.00
10360,54,Tourti?e,5.90,28,0,165.20
10361,39,Chartreuse verte,14.40,54,0.1,699.84
10361,60,Camembert Pierrot,27.20,55,0.1,1346.40
10362,25,NuNuCa Nu?Nougat-Creme,11.20,50,0,560.00
10362,51,Manjimup Dried Apples,42.40,20,0,848.00
10362,54,Tourti?e,5.90,24,0,141.60
10363,31,Gorgonzola Telino,10.00,20,0,200.00
10363,75,Rh?br? Klosterbier,6.20,12,0,74.40
10363,76,Lakkalik?ri,14.40,12,0,172.80
10364,69,Gudbrandsdalsost,28.80,30,0,864.00
10364,71,Flotemysost,17.20,5,0,86.00
10365,11,Queso Cabrales,16.80,24,0,403.20
10366,65,Louisiana Fiery Hot Pepper Sauce,16.80,5,0,84.00
10366,77,Original Frankfurter gr?e So?,10.40,5,0,52.00
10367,34,Sasquatch Ale,11.20,36,0,403.20
10367,54,Tourti?e,5.90,18,0,106.20
10367,65,Louisiana Fiery Hot Pepper Sauce,16.80,15,0,252.00
10367,77,Original Frankfurter gr?e So?,10.40,7,0,72.80
10368,21,Sir Rodney's Scones,8.00,5,0.1,36.00
10368,28,R?sle Sauerkraut,36.40,13,0.1,425.88
10368,57,Ravioli Angelo,15.60,25,0,390.00
10368,64,Wimmers gute Semmelkn?el,26.60,35,0.1,837.90
10369,29,Th?inger Rostbratwurst,99.00,20,0,1980.00
10369,56,Gnocchi di nonna Alice,30.40,18,0.25,410.40
10370,1,Chai,14.40,15,0.15,183.60
10370,64,Wimmers gute Semmelkn?el,26.60,30,0,798.00
10370,74,Longlife Tofu,8.00,20,0.15,136.00
10371,36,Inlagd Sill,15.20,6,0.2,72.96
10372,20,Sir Rodney's Marmalade,64.80,12,0.25,583.20
10372,38,C?e de Blaye,210.80,40,0.25,6324.00
10372,60,Camembert Pierrot,27.20,70,0.25,1428.00
10372,72,Mozzarella di Giovanni,27.80,42,0.25,875.70
10373,58,Escargots de Bourgogne,10.60,80,0.2,678.40
10373,71,Flotemysost,17.20,50,0.2,688.00
10374,31,Gorgonzola Telino,10.00,30,0,300.00
10374,58,Escargots de Bourgogne,10.60,15,0,159.00
10375,14,Tofu,18.60,15,0,279.00
10375,54,Tourti?e,5.90,10,0,59.00
10376,31,Gorgonzola Telino,10.00,42,0.05,399.00
10377,28,R?sle Sauerkraut,36.40,20,0.15,618.80
10377,39,Chartreuse verte,14.40,20,0.15,244.80
10378,71,Flotemysost,17.20,6,0,103.20
10379,41,Jack's New England Clam Chowder,7.70,8,0.1,55.44
10379,63,Vegie-spread,35.10,16,0.1,505.44
10379,65,Louisiana Fiery Hot Pepper Sauce,16.80,20,0.1,302.40
10380,30,Nord-Ost Matjeshering,20.70,18,0.1,335.34
10380,53,Perth Pasties,26.20,20,0.1,471.60
10380,60,Camembert Pierrot,27.20,6,0.1,146.88
10380,70,Outback Lager,12.00,30,0,360.00
10381,74,Longlife Tofu,8.00,14,0,112.00
10382,5,Chef Anton's Gumbo Mix,17.00,32,0,544.00
10382,18,Carnarvon Tigers,50.00,9,0,450.00
10382,29,Th?inger Rostbratwurst,99.00,14,0,1386.00
10382,33,Geitost,2.00,60,0,120.00
10382,74,Longlife Tofu,8.00,50,0,400.00
10383,13,Konbu,4.80,20,0,96.00
10383,50,Valkoinen suklaa,13.00,15,0,195.00
10383,56,Gnocchi di nonna Alice,30.40,20,0,608.00
10384,20,Sir Rodney's Marmalade,64.80,28,0,1814.40
10384,60,Camembert Pierrot,27.20,15,0,408.00
10385,7,Uncle Bob's Organic Dried Pears,24.00,10,0.2,192.00
10385,60,Camembert Pierrot,27.20,20,0.2,435.20
10385,68,Scottish Longbreads,10.00,8,0.2,64.00
10386,24,Guaran?Fant?tica,3.60,15,0,54.00
10386,34,Sasquatch Ale,11.20,10,0,112.00
10387,24,Guaran?Fant?tica,3.60,15,0,54.00
10387,28,R?sle Sauerkraut,36.40,6,0,218.40
10387,59,Raclette Courdavault,44.00,12,0,528.00
10387,71,Flotemysost,17.20,15,0,258.00
10388,45,Rogede sild,7.60,15,0.2,91.20
10388,52,Filo Mix,5.60,20,0.2,89.60
10388,53,Perth Pasties,26.20,40,0,1048.00
10389,10,Ikura,24.80,16,0,396.80
10389,55,P??chinois,19.20,15,0,288.00
10389,62,Tarte au sucre,39.40,20,0,788.00
10389,70,Outback Lager,12.00,30,0,360.00
10390,31,Gorgonzola Telino,10.00,60,0.1,540.00
10390,35,Steeleye Stout,14.40,40,0.1,518.40
10390,46,Spegesild,9.60,45,0,432.00
10390,72,Mozzarella di Giovanni,27.80,24,0.1,600.48
10391,13,Konbu,4.80,18,0,86.40
10392,69,Gudbrandsdalsost,28.80,50,0,1440.00
10393,2,Chang,15.20,25,0.25,285.00
10393,14,Tofu,18.60,42,0.25,585.90
10393,25,NuNuCa Nu?Nougat-Creme,11.20,7,0.25,58.80
10393,26,Gumb? Gummib?chen,24.90,70,0.25,1307.25
10393,31,Gorgonzola Telino,10.00,32,0,320.00
10394,13,Konbu,4.80,10,0,48.00
10394,62,Tarte au sucre,39.40,10,0,394.00
10395,46,Spegesild,9.60,28,0.1,241.92
10395,53,Perth Pasties,26.20,70,0.1,1650.60
10395,69,Gudbrandsdalsost,28.80,8,0,230.40
10396,23,Tunnbr?,7.20,40,0,288.00
10396,71,Flotemysost,17.20,60,0,1032.00
10396,72,Mozzarella di Giovanni,27.80,21,0,583.80
10397,21,Sir Rodney's Scones,8.00,10,0.15,68.00
10397,51,Manjimup Dried Apples,42.40,18,0.15,648.72
10398,35,Steeleye Stout,14.40,30,0,432.00
10398,55,P??chinois,19.20,120,0.1,2073.60
10399,68,Scottish Longbreads,10.00,60,0,600.00
10399,71,Flotemysost,17.20,30,0,516.00
10399,76,Lakkalik?ri,14.40,35,0,504.00
10399,77,Original Frankfurter gr?e So?,10.40,14,0,145.60
10400,29,Th?inger Rostbratwurst,99.00,21,0,2079.00
10400,35,Steeleye Stout,14.40,35,0,504.00
10400,49,Maxilaku,16.00,30,0,480.00
10401,30,Nord-Ost Matjeshering,20.70,18,0,372.60
10401,56,Gnocchi di nonna Alice,30.40,70,0,2128.00
10401,65,Louisiana Fiery Hot Pepper Sauce,16.80,20,0,336.00
10401,71,Flotemysost,17.20,60,0,1032.00
10402,23,Tunnbr?,7.20,60,0,432.00
10402,63,Vegie-spread,35.10,65,0,2281.50
10403,16,Pavlova,13.90,21,0.15,248.12
10403,48,Chocolade,10.20,70,0.15,606.90
10404,26,Gumb? Gummib?chen,24.90,30,0.05,709.65
10404,42,Singaporean Hokkien Fried Mee,11.20,40,0.05,425.60
10404,49,Maxilaku,16.00,30,0.05,456.00
10405,3,Aniseed Syrup,8.00,50,0,400.00
10406,1,Chai,14.40,10,0,144.00
10406,21,Sir Rodney's Scones,8.00,30,0.1,216.00
10406,28,R?sle Sauerkraut,36.40,42,0.1,1375.92
10406,36,Inlagd Sill,15.20,5,0.1,68.40
10406,40,Boston Crab Meat,14.70,2,0.1,26.46
10407,11,Queso Cabrales,16.80,30,0,504.00
10407,69,Gudbrandsdalsost,28.80,15,0,432.00
10407,71,Flotemysost,17.20,15,0,258.00
10408,37,Gravad lax,20.80,10,0,208.00
10408,54,Tourti?e,5.90,6,0,35.40
10408,62,Tarte au sucre,39.40,35,0,1379.00
10409,14,Tofu,18.60,12,0,223.20
10409,21,Sir Rodney's Scones,8.00,12,0,96.00
10410,33,Geitost,2.00,49,0,98.00
10410,59,Raclette Courdavault,44.00,16,0,704.00
10411,41,Jack's New England Clam Chowder,7.70,25,0.2,154.00
10411,44,Gula Malacca,15.50,40,0.2,496.00
10411,59,Raclette Courdavault,44.00,9,0.2,316.80
10412,14,Tofu,18.60,20,0.1,334.80
10413,1,Chai,14.40,24,0,345.60
10413,62,Tarte au sucre,39.40,40,0,1576.00
10413,76,Lakkalik?ri,14.40,14,0,201.60
10414,19,Teatime Chocolate Biscuits,7.30,18,0.05,124.83
10414,33,Geitost,2.00,50,0,100.00
10415,17,Alice Mutton,31.20,2,0,62.40
10415,33,Geitost,2.00,20,0,40.00
10416,19,Teatime Chocolate Biscuits,7.30,20,0,146.00
10416,53,Perth Pasties,26.20,10,0,262.00
10416,57,Ravioli Angelo,15.60,20,0,312.00
10417,38,C?e de Blaye,210.80,50,0,10540.00
10417,46,Spegesild,9.60,2,0.25,14.40
10417,68,Scottish Longbreads,10.00,36,0.25,270.00
10417,77,Original Frankfurter gr?e So?,10.40,35,0,364.00
10418,2,Chang,15.20,60,0,912.00
10418,47,Zaanse koeken,7.60,55,0,418.00
10418,61,Sirop d'?able,22.80,16,0,364.80
10418,74,Longlife Tofu,8.00,15,0,120.00
10419,60,Camembert Pierrot,27.20,60,0.05,1550.40
10419,69,Gudbrandsdalsost,28.80,20,0.05,547.20
10420,9,Mishi Kobe Niku,77.60,20,0.1,1396.80
10420,13,Konbu,4.80,2,0.1,8.64
10420,70,Outback Lager,12.00,8,0.1,86.40
10420,73,R? Kaviar,12.00,20,0.1,216.00
10421,19,Teatime Chocolate Biscuits,7.30,4,0.15,24.82
10421,26,Gumb? Gummib?chen,24.90,30,0,747.00
10421,53,Perth Pasties,26.20,15,0.15,334.05
10421,77,Original Frankfurter gr?e So?,10.40,10,0.15,88.40
10422,26,Gumb? Gummib?chen,24.90,2,0,49.80
10423,31,Gorgonzola Telino,10.00,14,0,140.00
10423,59,Raclette Courdavault,44.00,20,0,880.00
10424,35,Steeleye Stout,14.40,60,0.2,691.20
10424,38,C?e de Blaye,210.80,49,0.2,8263.36
10424,68,Scottish Longbreads,10.00,30,0.2,240.00
10425,55,P??chinois,19.20,10,0.25,144.00
10425,76,Lakkalik?ri,14.40,20,0.25,216.00
10426,56,Gnocchi di nonna Alice,30.40,5,0,152.00
10426,64,Wimmers gute Semmelkn?el,26.60,7,0,186.20
10427,14,Tofu,18.60,35,0,651.00
10428,46,Spegesild,9.60,20,0,192.00
10429,50,Valkoinen suklaa,13.00,40,0,520.00
10429,63,Vegie-spread,35.10,35,0.25,921.37
10430,17,Alice Mutton,31.20,45,0.2,1123.20
10430,21,Sir Rodney's Scones,8.00,50,0,400.00
10430,56,Gnocchi di nonna Alice,30.40,30,0,912.00
10430,59,Raclette Courdavault,44.00,70,0.2,2464.00
10431,17,Alice Mutton,31.20,50,0.25,1170.00
10431,40,Boston Crab Meat,14.70,50,0.25,551.25
10431,47,Zaanse koeken,7.60,30,0.25,171.00
10432,26,Gumb? Gummib?chen,24.90,10,0,249.00
10432,54,Tourti?e,5.90,40,0,236.00
10433,56,Gnocchi di nonna Alice,30.40,28,0,851.20
10434,11,Queso Cabrales,16.80,6,0,100.80
10434,76,Lakkalik?ri,14.40,18,0.15,220.32
10435,2,Chang,15.20,10,0,152.00
10435,22,Gustaf's Kn?kebr?,16.80,12,0,201.60
10435,72,Mozzarella di Giovanni,27.80,10,0,278.00
10436,46,Spegesild,9.60,5,0,48.00
10436,56,Gnocchi di nonna Alice,30.40,40,0.1,1094.40
10436,64,Wimmers gute Semmelkn?el,26.60,30,0.1,718.20
10436,75,Rh?br? Klosterbier,6.20,24,0.1,133.92
10437,53,Perth Pasties,26.20,15,0,393.00
10438,19,Teatime Chocolate Biscuits,7.30,15,0.2,87.60
10438,34,Sasquatch Ale,11.20,20,0.2,179.20
10438,57,Ravioli Angelo,15.60,15,0.2,187.20
10439,12,Queso Manchego La Pastora,30.40,15,0,456.00
10439,16,Pavlova,13.90,16,0,222.40
10439,64,Wimmers gute Semmelkn?el,26.60,6,0,159.60
10439,74,Longlife Tofu,8.00,30,0,240.00
10440,2,Chang,15.20,45,0.15,581.40
10440,16,Pavlova,13.90,49,0.15,578.94
10440,29,Th?inger Rostbratwurst,99.00,24,0.15,2019.60
10440,61,Sirop d'?able,22.80,90,0.15,1744.20
10441,27,Schoggi Schokolade,35.10,50,0,1755.00
10442,11,Queso Cabrales,16.80,30,0,504.00
10442,54,Tourti?e,5.90,80,0,472.00
10442,66,Louisiana Hot Spiced Okra,13.60,60,0,816.00
10443,11,Queso Cabrales,16.80,6,0.2,80.64
10443,28,R?sle Sauerkraut,36.40,12,0,436.80
10444,17,Alice Mutton,31.20,10,0,312.00
10444,26,Gumb? Gummib?chen,24.90,15,0,373.50
10444,35,Steeleye Stout,14.40,8,0,115.20
10444,41,Jack's New England Clam Chowder,7.70,30,0,231.00
10445,39,Chartreuse verte,14.40,6,0,86.40
10445,54,Tourti?e,5.90,15,0,88.50
10446,19,Teatime Chocolate Biscuits,7.30,12,0.1,78.84
10446,24,Guaran?Fant?tica,3.60,20,0.1,64.80
10446,31,Gorgonzola Telino,10.00,3,0.1,27.00
10446,52,Filo Mix,5.60,15,0.1,75.60
10447,19,Teatime Chocolate Biscuits,7.30,40,0,292.00
10447,65,Louisiana Fiery Hot Pepper Sauce,16.80,35,0,588.00
10447,71,Flotemysost,17.20,2,0,34.40
10448,26,Gumb? Gummib?chen,24.90,6,0,149.40
10448,40,Boston Crab Meat,14.70,20,0,294.00
10449,10,Ikura,24.80,14,0,347.20
10449,52,Filo Mix,5.60,20,0,112.00
10449,62,Tarte au sucre,39.40,35,0,1379.00
10450,10,Ikura,24.80,20,0.2,396.80
10450,54,Tourti?e,5.90,6,0.2,28.32
10451,55,P??chinois,19.20,120,0.1,2073.60
10451,64,Wimmers gute Semmelkn?el,26.60,35,0.1,837.90
10451,65,Louisiana Fiery Hot Pepper Sauce,16.80,28,0.1,423.36
10451,77,Original Frankfurter gr?e So?,10.40,55,0.1,514.80
10452,28,R?sle Sauerkraut,36.40,15,0,546.00
10452,44,Gula Malacca,15.50,100,0.05,1472.50
10453,48,Chocolade,10.20,15,0.1,137.70
10453,70,Outback Lager,12.00,25,0.1,270.00
10454,16,Pavlova,13.90,20,0.2,222.40
10454,33,Geitost,2.00,20,0.2,32.00
10454,46,Spegesild,9.60,10,0.2,76.80
10455,39,Chartreuse verte,14.40,20,0,288.00
10455,53,Perth Pasties,26.20,50,0,1310.00
10455,61,Sirop d'?able,22.80,25,0,570.00
10455,71,Flotemysost,17.20,30,0,516.00
10456,21,Sir Rodney's Scones,8.00,40,0.15,272.00
10456,49,Maxilaku,16.00,21,0.15,285.60
10457,59,Raclette Courdavault,44.00,36,0,1584.00
10458,26,Gumb? Gummib?chen,24.90,30,0,747.00
10458,28,R?sle Sauerkraut,36.40,30,0,1092.00
10458,43,Ipoh Coffee,36.80,20,0,736.00
10458,56,Gnocchi di nonna Alice,30.40,15,0,456.00
10458,71,Flotemysost,17.20,50,0,860.00
10459,7,Uncle Bob's Organic Dried Pears,24.00,16,0.05,364.80
10459,46,Spegesild,9.60,20,0.05,182.40
10459,72,Mozzarella di Giovanni,27.80,40,0,1112.00
10460,68,Scottish Longbreads,10.00,21,0.25,157.50
10460,75,Rh?br? Klosterbier,6.20,4,0.25,18.60
10461,21,Sir Rodney's Scones,8.00,40,0.25,240.00
10461,30,Nord-Ost Matjeshering,20.70,28,0.25,434.70
10461,55,P??chinois,19.20,60,0.25,864.00
10462,13,Konbu,4.80,1,0,4.80
10462,23,Tunnbr?,7.20,21,0,151.20
10463,19,Teatime Chocolate Biscuits,7.30,21,0,153.30
10463,42,Singaporean Hokkien Fried Mee,11.20,50,0,560.00
10464,4,Chef Anton's Cajun Seasoning,17.60,16,0.2,225.28
10464,43,Ipoh Coffee,36.80,3,0,110.40
10464,56,Gnocchi di nonna Alice,30.40,30,0.2,729.60
10464,60,Camembert Pierrot,27.20,20,0,544.00
10465,24,Guaran?Fant?tica,3.60,25,0,90.00
10465,29,Th?inger Rostbratwurst,99.00,18,0.1,1603.80
10465,40,Boston Crab Meat,14.70,20,0,294.00
10465,45,Rogede sild,7.60,30,0.1,205.20
10465,50,Valkoinen suklaa,13.00,25,0,325.00
10466,11,Queso Cabrales,16.80,10,0,168.00
10466,46,Spegesild,9.60,5,0,48.00
10467,24,Guaran?Fant?tica,3.60,28,0,100.80
10467,25,NuNuCa Nu?Nougat-Creme,11.20,12,0,134.40
10468,30,Nord-Ost Matjeshering,20.70,8,0,165.60
10468,43,Ipoh Coffee,36.80,15,0,552.00
10469,2,Chang,15.20,40,0.15,516.80
10469,16,Pavlova,13.90,35,0.15,413.53
10469,44,Gula Malacca,15.50,2,0.15,26.35
10470,18,Carnarvon Tigers,50.00,30,0,1500.00
10470,23,Tunnbr?,7.20,15,0,108.00
10470,64,Wimmers gute Semmelkn?el,26.60,8,0,212.80
10471,7,Uncle Bob's Organic Dried Pears,24.00,30,0,720.00
10471,56,Gnocchi di nonna Alice,30.40,20,0,608.00
10472,24,Guaran?Fant?tica,3.60,80,0.05,273.60
10472,51,Manjimup Dried Apples,42.40,18,0,763.20
10473,33,Geitost,2.00,12,0,24.00
10473,71,Flotemysost,17.20,12,0,206.40
10474,14,Tofu,18.60,12,0,223.20
10474,28,R?sle Sauerkraut,36.40,18,0,655.20
10474,40,Boston Crab Meat,14.70,21,0,308.70
10474,75,Rh?br? Klosterbier,6.20,10,0,62.00
10475,31,Gorgonzola Telino,10.00,35,0.15,297.50
10475,66,Louisiana Hot Spiced Okra,13.60,60,0.15,693.60
10475,76,Lakkalik?ri,14.40,42,0.15,514.08
10476,55,P??chinois,19.20,2,0.05,36.48
10476,70,Outback Lager,12.00,12,0,144.00
10477,1,Chai,14.40,15,0,216.00
10477,21,Sir Rodney's Scones,8.00,21,0.25,126.00
10477,39,Chartreuse verte,14.40,20,0.25,216.00
10478,10,Ikura,24.80,20,0.05,471.20
10479,38,C?e de Blaye,210.80,30,0,6324.00
10479,53,Perth Pasties,26.20,28,0,733.60
10479,59,Raclette Courdavault,44.00,60,0,2640.00
10479,64,Wimmers gute Semmelkn?el,26.60,30,0,798.00
10480,47,Zaanse koeken,7.60,30,0,228.00
10480,59,Raclette Courdavault,44.00,12,0,528.00
10481,49,Maxilaku,16.00,24,0,384.00
10481,60,Camembert Pierrot,27.20,40,0,1088.00
10482,40,Boston Crab Meat,14.70,10,0,147.00
10483,34,Sasquatch Ale,11.20,35,0.05,372.40
10483,77,Original Frankfurter gr?e So?,10.40,30,0.05,296.40
10484,21,Sir Rodney's Scones,8.00,14,0,112.00
10484,40,Boston Crab Meat,14.70,10,0,147.00
10484,51,Manjimup Dried Apples,42.40,3,0,127.20
10485,2,Chang,15.20,20,0.1,273.60
10485,3,Aniseed Syrup,8.00,20,0.1,144.00
10485,55,P??chinois,19.20,30,0.1,518.40
10485,70,Outback Lager,12.00,60,0.1,648.00
10486,11,Queso Cabrales,16.80,5,0,84.00
10486,51,Manjimup Dried Apples,42.40,25,0,1060.00
10486,74,Longlife Tofu,8.00,16,0,128.00
10487,19,Teatime Chocolate Biscuits,7.30,5,0,36.50
10487,26,Gumb? Gummib?chen,24.90,30,0,747.00
10487,54,Tourti?e,5.90,24,0.25,106.20
10488,59,Raclette Courdavault,44.00,30,0,1320.00
10488,73,R? Kaviar,12.00,20,0.2,192.00
10489,11,Queso Cabrales,16.80,15,0.25,189.00
10489,16,Pavlova,13.90,18,0,250.20
10490,59,Raclette Courdavault,44.00,60,0,2640.00
10490,68,Scottish Longbreads,10.00,30,0,300.00
10490,75,Rh?br? Klosterbier,6.20,36,0,223.20
10491,44,Gula Malacca,15.50,15,0.15,197.63
10491,77,Original Frankfurter gr?e So?,10.40,7,0.15,61.88
10492,25,NuNuCa Nu?Nougat-Creme,11.20,60,0.05,638.40
10492,42,Singaporean Hokkien Fried Mee,11.20,20,0.05,212.80
10493,65,Louisiana Fiery Hot Pepper Sauce,16.80,15,0.1,226.80
10493,66,Louisiana Hot Spiced Okra,13.60,10,0.1,122.40
10493,69,Gudbrandsdalsost,28.80,10,0.1,259.20
10494,56,Gnocchi di nonna Alice,30.40,30,0,912.00
10495,23,Tunnbr?,7.20,10,0,72.00
10495,41,Jack's New England Clam Chowder,7.70,20,0,154.00
10495,77,Original Frankfurter gr?e So?,10.40,5,0,52.00
10496,31,Gorgonzola Telino,10.00,20,0.05,190.00
10497,56,Gnocchi di nonna Alice,30.40,14,0,425.60
10497,72,Mozzarella di Giovanni,27.80,25,0,695.00
10497,77,Original Frankfurter gr?e So?,10.40,25,0,260.00
10498,24,Guaran?Fant?tica,4.50,14,0,63.00
10498,40,Boston Crab Meat,18.40,5,0,92.00
10498,42,Singaporean Hokkien Fried Mee,14.00,30,0,420.00
10499,28,R?sle Sauerkraut,45.60,20,0,912.00
10499,49,Maxilaku,20.00,25,0,500.00
10500,15,Genen Shouyu,15.50,12,0.05,176.70
10500,28,R?sle Sauerkraut,45.60,8,0.05,346.56
10501,54,Tourti?e,7.45,20,0,149.00
10502,45,Rogede sild,9.50,21,0,199.50
10502,53,Perth Pasties,32.80,6,0,196.80
10502,67,Laughing Lumberjack Lager,14.00,30,0,420.00
10503,14,Tofu,23.25,70,0,1627.50
10503,65,Louisiana Fiery Hot Pepper Sauce,21.05,20,0,421.00
10504,2,Chang,19.00,12,0,228.00
10504,21,Sir Rodney's Scones,10.00,12,0,120.00
10504,53,Perth Pasties,32.80,10,0,328.00
10504,61,Sirop d'?able,28.50,25,0,712.50
10505,62,Tarte au sucre,49.30,3,0,147.90
10506,25,NuNuCa Nu?Nougat-Creme,14.00,18,0.1,226.80
10506,70,Outback Lager,15.00,14,0.1,189.00
10507,43,Ipoh Coffee,46.00,15,0.15,586.50
10507,48,Chocolade,12.75,15,0.15,162.56
10508,13,Konbu,6.00,10,0,60.00
10508,39,Chartreuse verte,18.00,10,0,180.00
10509,28,R?sle Sauerkraut,45.60,3,0,136.80
10510,29,Th?inger Rostbratwurst,123.79,36,0,4456.44
10510,75,Rh?br? Klosterbier,7.75,36,0.1,251.10
10511,4,Chef Anton's Cajun Seasoning,22.00,50,0.15,935.00
10511,7,Uncle Bob's Organic Dried Pears,30.00,50,0.15,1275.00
10511,8,Northwoods Cranberry Sauce,40.00,10,0.15,340.00
10512,24,Guaran?Fant?tica,4.50,10,0.15,38.25
10512,46,Spegesild,12.00,9,0.15,91.80
10512,47,Zaanse koeken,9.50,6,0.15,48.45
10512,60,Camembert Pierrot,34.00,12,0.15,346.80
10513,21,Sir Rodney's Scones,10.00,40,0.2,320.00
10513,32,Mascarpone Fabioli,32.00,50,0.2,1280.00
10513,61,Sirop d'?able,28.50,15,0.2,342.00
10514,20,Sir Rodney's Marmalade,81.00,39,0,3159.00
10514,28,R?sle Sauerkraut,45.60,35,0,1596.00
10514,56,Gnocchi di nonna Alice,38.00,70,0,2660.00
10514,65,Louisiana Fiery Hot Pepper Sauce,21.05,39,0,820.95
10514,75,Rh?br? Klosterbier,7.75,50,0,387.50
10515,9,Mishi Kobe Niku,97.00,16,0.15,1319.20
10515,16,Pavlova,17.45,50,0,872.50
10515,27,Schoggi Schokolade,43.90,120,0,5268.00
10515,33,Geitost,2.50,16,0.15,34.00
10515,60,Camembert Pierrot,34.00,84,0.15,2427.60
10516,18,Carnarvon Tigers,62.50,25,0.1,1406.25
10516,41,Jack's New England Clam Chowder,9.65,80,0.1,694.80
10516,42,Singaporean Hokkien Fried Mee,14.00,20,0,280.00
10517,52,Filo Mix,7.00,6,0,42.00
10517,59,Raclette Courdavault,55.00,4,0,220.00
10517,70,Outback Lager,15.00,6,0,90.00
10518,24,Guaran?Fant?tica,4.50,5,0,22.50
10518,38,C?e de Blaye,263.50,15,0,3952.50
10518,44,Gula Malacca,19.45,9,0,175.05
10519,10,Ikura,31.00,16,0.05,471.20
10519,56,Gnocchi di nonna Alice,38.00,40,0,1520.00
10519,60,Camembert Pierrot,34.00,10,0.05,323.00
10520,24,Guaran?Fant?tica,4.50,8,0,36.00
10520,53,Perth Pasties,32.80,5,0,164.00
10521,35,Steeleye Stout,18.00,3,0,54.00
10521,41,Jack's New England Clam Chowder,9.65,10,0,96.50
10521,68,Scottish Longbreads,12.50,6,0,75.00
10522,1,Chai,18.00,40,0.2,576.00
10522,8,Northwoods Cranberry Sauce,40.00,24,0,960.00
10522,30,Nord-Ost Matjeshering,25.89,20,0.2,414.24
10522,40,Boston Crab Meat,18.40,25,0.2,368.00
10523,17,Alice Mutton,39.00,25,0.1,877.50
10523,20,Sir Rodney's Marmalade,81.00,15,0.1,1093.50
10523,37,Gravad lax,26.00,18,0.1,421.20
10523,41,Jack's New England Clam Chowder,9.65,6,0.1,52.11
10524,10,Ikura,31.00,2,0,62.00
10524,30,Nord-Ost Matjeshering,25.89,10,0,258.90
10524,43,Ipoh Coffee,46.00,60,0,2760.00
10524,54,Tourti?e,7.45,15,0,111.75
10525,36,Inlagd Sill,19.00,30,0,570.00
10525,40,Boston Crab Meat,18.40,15,0.1,248.40
10526,1,Chai,18.00,8,0.15,122.40
10526,13,Konbu,6.00,10,0,60.00
10526,56,Gnocchi di nonna Alice,38.00,30,0.15,969.00
10527,4,Chef Anton's Cajun Seasoning,22.00,50,0.1,990.00
10527,36,Inlagd Sill,19.00,30,0.1,513.00
10528,11,Queso Cabrales,21.00,3,0,63.00
10528,33,Geitost,2.50,8,0.2,16.00
10528,72,Mozzarella di Giovanni,34.80,9,0,313.20
10529,55,P??chinois,24.00,14,0,336.00
10529,68,Scottish Longbreads,12.50,20,0,250.00
10529,69,Gudbrandsdalsost,36.00,10,0,360.00
10530,17,Alice Mutton,39.00,40,0,1560.00
10530,43,Ipoh Coffee,46.00,25,0,1150.00
10530,61,Sirop d'?able,28.50,20,0,570.00
10530,76,Lakkalik?ri,18.00,50,0,900.00
10531,59,Raclette Courdavault,55.00,2,0,110.00
10532,30,Nord-Ost Matjeshering,25.89,15,0,388.35
10532,66,Louisiana Hot Spiced Okra,17.00,24,0,408.00
10533,4,Chef Anton's Cajun Seasoning,22.00,50,0.05,1045.00
10533,72,Mozzarella di Giovanni,34.80,24,0,835.20
10533,73,R? Kaviar,15.00,24,0.05,342.00
10534,30,Nord-Ost Matjeshering,25.89,10,0,258.90
10534,40,Boston Crab Meat,18.40,10,0.2,147.20
10534,54,Tourti?e,7.45,10,0.2,59.60
10535,11,Queso Cabrales,21.00,50,0.1,945.00
10535,40,Boston Crab Meat,18.40,10,0.1,165.60
10535,57,Ravioli Angelo,19.50,5,0.1,87.75
10535,59,Raclette Courdavault,55.00,15,0.1,742.50
10536,12,Queso Manchego La Pastora,38.00,15,0.25,427.50
10536,31,Gorgonzola Telino,12.50,20,0,250.00
10536,33,Geitost,2.50,30,0,75.00
10536,60,Camembert Pierrot,34.00,35,0.25,892.50
10537,31,Gorgonzola Telino,12.50,30,0,375.00
10537,51,Manjimup Dried Apples,53.00,6,0,318.00
10537,58,Escargots de Bourgogne,13.25,20,0,265.00
10537,72,Mozzarella di Giovanni,34.80,21,0,730.80
10537,73,R? Kaviar,15.00,9,0,135.00
10538,70,Outback Lager,15.00,7,0,105.00
10538,72,Mozzarella di Giovanni,34.80,1,0,34.80
10539,13,Konbu,6.00,8,0,48.00
10539,21,Sir Rodney's Scones,10.00,15,0,150.00
10539,33,Geitost,2.50,15,0,37.50
10539,49,Maxilaku,20.00,6,0,120.00
10540,3,Aniseed Syrup,10.00,60,0,600.00
10540,26,Gumb? Gummib?chen,31.23,40,0,1249.20
10540,38,C?e de Blaye,263.50,30,0,7905.00
10540,68,Scottish Longbreads,12.50,35,0,437.50
10541,24,Guaran?Fant?tica,4.50,35,0.1,141.75
10541,38,C?e de Blaye,263.50,4,0.1,948.60
10541,65,Louisiana Fiery Hot Pepper Sauce,21.05,36,0.1,682.02
10541,71,Flotemysost,21.50,9,0.1,174.15
10542,11,Queso Cabrales,21.00,15,0.05,299.25
10542,54,Tourti?e,7.45,24,0.05,169.86
10543,12,Queso Manchego La Pastora,38.00,30,0.15,969.00
10543,23,Tunnbr?,9.00,70,0.15,535.50
10544,28,R?sle Sauerkraut,45.60,7,0,319.20
10544,67,Laughing Lumberjack Lager,14.00,7,0,98.00
10545,11,Queso Cabrales,21.00,10,0,210.00
10546,7,Uncle Bob's Organic Dried Pears,30.00,10,0,300.00
10546,35,Steeleye Stout,18.00,30,0,540.00
10546,62,Tarte au sucre,49.30,40,0,1972.00
10547,32,Mascarpone Fabioli,32.00,24,0.15,652.80
10547,36,Inlagd Sill,19.00,60,0,1140.00
10548,34,Sasquatch Ale,14.00,10,0.25,105.00
10548,41,Jack's New England Clam Chowder,9.65,14,0,135.10
10549,31,Gorgonzola Telino,12.50,55,0.15,584.38
10549,45,Rogede sild,9.50,100,0.15,807.50
10549,51,Manjimup Dried Apples,53.00,48,0.15,2162.40
10550,17,Alice Mutton,39.00,8,0.1,280.80
10550,19,Teatime Chocolate Biscuits,9.20,10,0,92.00
10550,21,Sir Rodney's Scones,10.00,6,0.1,54.00
10550,61,Sirop d'?able,28.50,10,0.1,256.50
10551,16,Pavlova,17.45,40,0.15,593.30
10551,35,Steeleye Stout,18.00,20,0.15,306.00
10551,44,Gula Malacca,19.45,40,0,778.00
10552,69,Gudbrandsdalsost,36.00,18,0,648.00
10552,75,Rh?br? Klosterbier,7.75,30,0,232.50
10553,11,Queso Cabrales,21.00,15,0,315.00
10553,16,Pavlova,17.45,14,0,244.30
10553,22,Gustaf's Kn?kebr?,21.00,24,0,504.00
10553,31,Gorgonzola Telino,12.50,30,0,375.00
10553,35,Steeleye Stout,18.00,6,0,108.00
10554,16,Pavlova,17.45,30,0.05,497.32
10554,23,Tunnbr?,9.00,20,0.05,171.00
10554,62,Tarte au sucre,49.30,20,0.05,936.70
10554,77,Original Frankfurter gr?e So?,13.00,10,0.05,123.50
10555,14,Tofu,23.25,30,0.2,558.00
10555,19,Teatime Chocolate Biscuits,9.20,35,0.2,257.60
10555,24,Guaran?Fant?tica,4.50,18,0.2,64.80
10555,51,Manjimup Dried Apples,53.00,20,0.2,848.00
10555,56,Gnocchi di nonna Alice,38.00,40,0.2,1216.00
10556,72,Mozzarella di Giovanni,34.80,24,0,835.20
10557,64,Wimmers gute Semmelkn?el,33.25,30,0,997.50
10557,75,Rh?br? Klosterbier,7.75,20,0,155.00
10558,47,Zaanse koeken,9.50,25,0,237.50
10558,51,Manjimup Dried Apples,53.00,20,0,1060.00
10558,52,Filo Mix,7.00,30,0,210.00
10558,53,Perth Pasties,32.80,18,0,590.40
10558,73,R? Kaviar,15.00,3,0,45.00
10559,41,Jack's New England Clam Chowder,9.65,12,0.05,110.01
10559,55,P??chinois,24.00,18,0.05,410.40
10560,30,Nord-Ost Matjeshering,25.89,20,0,517.80
10560,62,Tarte au sucre,49.30,15,0.25,554.62
10561,44,Gula Malacca,19.45,10,0,194.50
10561,51,Manjimup Dried Apples,53.00,50,0,2650.00
10562,33,Geitost,2.50,20,0.1,45.00
10562,62,Tarte au sucre,49.30,10,0.1,443.70
10563,36,Inlagd Sill,19.00,25,0,475.00
10563,52,Filo Mix,7.00,70,0,490.00
10564,17,Alice Mutton,39.00,16,0.05,592.80
10564,31,Gorgonzola Telino,12.50,6,0.05,71.25
10564,55,P??chinois,24.00,25,0.05,570.00
10565,24,Guaran?Fant?tica,4.50,25,0.1,101.25
10565,64,Wimmers gute Semmelkn?el,33.25,18,0.1,538.65
10566,11,Queso Cabrales,21.00,35,0.15,624.75
10566,18,Carnarvon Tigers,62.50,18,0.15,956.25
10566,76,Lakkalik?ri,18.00,10,0,180.00
10567,31,Gorgonzola Telino,12.50,60,0.2,600.00
10567,51,Manjimup Dried Apples,53.00,3,0,159.00
10567,59,Raclette Courdavault,55.00,40,0.2,1760.00
10568,10,Ikura,31.00,5,0,155.00
10569,31,Gorgonzola Telino,12.50,35,0.2,350.00
10569,76,Lakkalik?ri,18.00,30,0,540.00
10570,11,Queso Cabrales,21.00,15,0.05,299.25
10570,56,Gnocchi di nonna Alice,38.00,60,0.05,2166.00
10571,14,Tofu,23.25,11,0.15,217.39
10571,42,Singaporean Hokkien Fried Mee,14.00,28,0.15,333.20
10572,16,Pavlova,17.45,12,0.1,188.46
10572,32,Mascarpone Fabioli,32.00,10,0.1,288.00
10572,40,Boston Crab Meat,18.40,50,0,920.00
10572,75,Rh?br? Klosterbier,7.75,15,0.1,104.62
10573,17,Alice Mutton,39.00,18,0,702.00
10573,34,Sasquatch Ale,14.00,40,0,560.00
10573,53,Perth Pasties,32.80,25,0,820.00
10574,33,Geitost,2.50,14,0,35.00
10574,40,Boston Crab Meat,18.40,2,0,36.80
10574,62,Tarte au sucre,49.30,10,0,493.00
10574,64,Wimmers gute Semmelkn?el,33.25,6,0,199.50
10575,59,Raclette Courdavault,55.00,12,0,660.00
10575,63,Vegie-spread,43.90,6,0,263.40
10575,72,Mozzarella di Giovanni,34.80,30,0,1044.00
10575,76,Lakkalik?ri,18.00,10,0,180.00
10576,1,Chai,18.00,10,0,180.00
10576,31,Gorgonzola Telino,12.50,20,0,250.00
10576,44,Gula Malacca,19.45,21,0,408.45
10577,39,Chartreuse verte,18.00,10,0,180.00
10577,75,Rh?br? Klosterbier,7.75,20,0,155.00
10577,77,Original Frankfurter gr?e So?,13.00,18,0,234.00
10578,35,Steeleye Stout,18.00,20,0,360.00
10578,57,Ravioli Angelo,19.50,6,0,117.00
10579,15,Genen Shouyu,15.50,10,0,155.00
10579,75,Rh?br? Klosterbier,7.75,21,0,162.75
10580,14,Tofu,23.25,15,0.05,331.31
10580,41,Jack's New England Clam Chowder,9.65,9,0.05,82.51
10580,65,Louisiana Fiery Hot Pepper Sauce,21.05,30,0.05,599.92
10581,75,Rh?br? Klosterbier,7.75,50,0.2,310.00
10582,57,Ravioli Angelo,19.50,4,0,78.00
10582,76,Lakkalik?ri,18.00,14,0,252.00
10583,29,Th?inger Rostbratwurst,123.79,10,0,1237.90
10583,60,Camembert Pierrot,34.00,24,0.15,693.60
10583,69,Gudbrandsdalsost,36.00,10,0.15,306.00
10584,31,Gorgonzola Telino,12.50,50,0.05,593.75
10585,47,Zaanse koeken,9.50,15,0,142.50
10586,52,Filo Mix,7.00,4,0.15,23.80
10587,26,Gumb? Gummib?chen,31.23,6,0,187.38
10587,35,Steeleye Stout,18.00,20,0,360.00
10587,77,Original Frankfurter gr?e So?,13.00,20,0,260.00
10588,18,Carnarvon Tigers,62.50,40,0.2,2000.00
10588,42,Singaporean Hokkien Fried Mee,14.00,100,0.2,1120.00
10589,35,Steeleye Stout,18.00,4,0,72.00
10590,1,Chai,18.00,20,0,360.00
10590,77,Original Frankfurter gr?e So?,13.00,60,0.05,741.00
10591,3,Aniseed Syrup,10.00,14,0,140.00
10591,7,Uncle Bob's Organic Dried Pears,30.00,10,0,300.00
10591,54,Tourti?e,7.45,50,0,372.50
10592,15,Genen Shouyu,15.50,25,0.05,368.13
10592,26,Gumb? Gummib?chen,31.23,5,0.05,148.34
10593,20,Sir Rodney's Marmalade,81.00,21,0.2,1360.80
10593,69,Gudbrandsdalsost,36.00,20,0.2,576.00
10593,76,Lakkalik?ri,18.00,4,0.2,57.60
10594,52,Filo Mix,7.00,24,0,168.00
10594,58,Escargots de Bourgogne,13.25,30,0,397.50
10595,35,Steeleye Stout,18.00,30,0.25,405.00
10595,61,Sirop d'?able,28.50,120,0.25,2565.00
10595,69,Gudbrandsdalsost,36.00,65,0.25,1755.00
10596,56,Gnocchi di nonna Alice,38.00,5,0.2,152.00
10596,63,Vegie-spread,43.90,24,0.2,842.88
10596,75,Rh?br? Klosterbier,7.75,30,0.2,186.00
10597,24,Guaran?Fant?tica,4.50,35,0.2,126.00
10597,57,Ravioli Angelo,19.50,20,0,390.00
10597,65,Louisiana Fiery Hot Pepper Sauce,21.05,12,0.2,202.08
10598,27,Schoggi Schokolade,43.90,50,0,2195.00
10598,71,Flotemysost,21.50,9,0,193.50
10599,62,Tarte au sucre,49.30,10,0,493.00
10600,54,Tourti?e,7.45,4,0,29.80
10600,73,R? Kaviar,15.00,30,0,450.00
10601,13,Konbu,6.00,60,0,360.00
10601,59,Raclette Courdavault,55.00,35,0,1925.00
10602,77,Original Frankfurter gr?e So?,13.00,5,0.25,48.75
10603,22,Gustaf's Kn?kebr?,21.00,48,0,1008.00
10603,49,Maxilaku,20.00,25,0.05,475.00
10604,48,Chocolade,12.75,6,0.1,68.85
10604,76,Lakkalik?ri,18.00,10,0.1,162.00
10605,16,Pavlova,17.45,30,0.05,497.32
10605,59,Raclette Courdavault,55.00,20,0.05,1045.00
10605,60,Camembert Pierrot,34.00,70,0.05,2261.00
10605,71,Flotemysost,21.50,15,0.05,306.38
10606,4,Chef Anton's Cajun Seasoning,22.00,20,0.2,352.00
10606,55,P??chinois,24.00,20,0.2,384.00
10606,62,Tarte au sucre,49.30,10,0.2,394.40
10607,7,Uncle Bob's Organic Dried Pears,30.00,45,0,1350.00
10607,17,Alice Mutton,39.00,100,0,3900.00
10607,33,Geitost,2.50,14,0,35.00
10607,40,Boston Crab Meat,18.40,42,0,772.80
10607,72,Mozzarella di Giovanni,34.80,12,0,417.60
10608,56,Gnocchi di nonna Alice,38.00,28,0,1064.00
10609,1,Chai,18.00,3,0,54.00
10609,10,Ikura,31.00,10,0,310.00
10609,21,Sir Rodney's Scones,10.00,6,0,60.00
10610,36,Inlagd Sill,19.00,21,0.25,299.25
10611,1,Chai,18.00,6,0,108.00
10611,2,Chang,19.00,10,0,190.00
10611,60,Camembert Pierrot,34.00,15,0,510.00
10612,10,Ikura,31.00,70,0,2170.00
10612,36,Inlagd Sill,19.00,55,0,1045.00
10612,49,Maxilaku,20.00,18,0,360.00
10612,60,Camembert Pierrot,34.00,40,0,1360.00
10612,76,Lakkalik?ri,18.00,80,0,1440.00
10613,13,Konbu,6.00,8,0.1,43.20
10613,75,Rh?br? Klosterbier,7.75,40,0,310.00
10614,11,Queso Cabrales,21.00,14,0,294.00
10614,21,Sir Rodney's Scones,10.00,8,0,80.00
10614,39,Chartreuse verte,18.00,5,0,90.00
10615,55,P??chinois,24.00,5,0,120.00
10616,38,C?e de Blaye,263.50,15,0.05,3754.88
10616,56,Gnocchi di nonna Alice,38.00,14,0,532.00
10616,70,Outback Lager,15.00,15,0.05,213.75
10616,71,Flotemysost,21.50,15,0.05,306.38
10617,59,Raclette Courdavault,55.00,30,0.15,1402.50
10618,6,Grandma's Boysenberry Spread,25.00,70,0,1750.00
10618,56,Gnocchi di nonna Alice,38.00,20,0,760.00
10618,68,Scottish Longbreads,12.50,15,0,187.50
10619,21,Sir Rodney's Scones,10.00,42,0,420.00
10619,22,Gustaf's Kn?kebr?,21.00,40,0,840.00
10620,24,Guaran?Fant?tica,4.50,5,0,22.50
10620,52,Filo Mix,7.00,5,0,35.00
10621,19,Teatime Chocolate Biscuits,9.20,5,0,46.00
10621,23,Tunnbr?,9.00,10,0,90.00
10621,70,Outback Lager,15.00,20,0,300.00
10621,71,Flotemysost,21.50,15,0,322.50
10622,2,Chang,19.00,20,0,380.00
10622,68,Scottish Longbreads,12.50,18,0.2,180.00
10623,14,Tofu,23.25,21,0,488.25
10623,19,Teatime Chocolate Biscuits,9.20,15,0.1,124.20
10623,21,Sir Rodney's Scones,10.00,25,0.1,225.00
10623,24,Guaran?Fant?tica,4.50,3,0,13.50
10623,35,Steeleye Stout,18.00,30,0.1,486.00
10624,28,R?sle Sauerkraut,45.60,10,0,456.00
10624,29,Th?inger Rostbratwurst,123.79,6,0,742.74
10624,44,Gula Malacca,19.45,10,0,194.50
10625,14,Tofu,23.25,3,0,69.75
10625,42,Singaporean Hokkien Fried Mee,14.00,5,0,70.00
10625,60,Camembert Pierrot,34.00,10,0,340.00
